{
    "urls": {
        "movies": {
            "full": "https://com-cochlear-koala-prototype-media.s3.amazonaws.com/026cdbc0ab6e473ebf850c3688a8dd37/json/all.json",
            "summaries": "https://com-cochlear-koala-prototype-media.s3.amazonaws.com/026cdbc0ab6e473ebf850c3688a8dd37/json/summaries",
            "paged": "https://com-cochlear-koala-prototype-media.s3.amazonaws.com/026cdbc0ab6e473ebf850c3688a8dd37/json/paged",
            "byId": "https://com-cochlear-koala-prototype-media.s3.amazonaws.com/026cdbc0ab6e473ebf850c3688a8dd37/json/id"
        },
        "images": {
            "noGo": "https://com-cochlear-koala-prototype-media.s3.amazonaws.com/026cdbc0ab6e473ebf850c3688a8dd37/images/nope.png",
            "posters": "https://com-cochlear-koala-prototype-media.s3.amazonaws.com/026cdbc0ab6e473ebf850c3688a8dd37/images/posters",
            "backdrops": "https://com-cochlear-koala-prototype-media.s3.amazonaws.com/026cdbc0ab6e473ebf850c3688a8dd37/images/backdrops"
        }
    }
}
